Workbook

Sheet PC_Semanal
A1: PC – Scoreboard Semanal por Asesor
A2: 1 fila por asesor por semana. Tendencia y Semáforo se calculan automáticamente.
A4: Semáforo basado en Conversaciones vs meta. Tendencia compara vs semana anterior del mismo asesor.
A5: Semana | B5: Conversaciones | C5: Citas agendadas | D5: Citas realizadas | E5: Listados tomados | F5: Contrato Asesoría | G5: Closings | H5: GCI | I5: Asesor | J5: Tendencia | K5: Semáforo | L5: Coach
A6: 1 | I6: Alain Hernandez | J6: =IF($A6="","-",IF($A6<2,"-",IF(SUMIFS(PC_Semanal!$B$6:$B$205,PC_Semanal!$I$6:$I$205,#REF!,PC_Semanal!$A$6:$A$205,$A6-1)=0,"-",IF($B6>SUMIFS(PC_Semanal!$B$6:$B$205,PC_Semanal!$I$6:$I$205,#REF!,PC_Semanal!$A$6:$A$205,$A6-1),"Mejora",IF($B6<SUMIFS(PC_Semanal!$B$6:$B$205,PC_Semanal!$I$6:$I$205,#REF!,PC_Semanal!$A$6:$A$205,$A6-1),"Caída","Igual"))))) -> - | K6: =IF($B6="","",IF($B6>=Inputs!$B$5,"Verde",IF($B6>=Inputs!$B$5*Inputs!$B$8,"Amarillo","Rojo"))) | L6: Lety
A7: 1 | I7: Alfonsina Hernández | J7: =IF($A7="","-",IF($A7<2,"-",IF(SUMIFS(PC_Semanal!$B$6:$B$205,PC_Semanal!$I$6:$I$205,$I7,PC_Semanal!$A$6:$A$205,$A7-1)=0,"-",IF($B7>SUMIFS(PC_Semanal!$B$6:$B$205,PC_Semanal!$I$6:$I$205,$I7,PC_Semanal!$A$6:$A$205,$A7-1),"Mejora",IF($B7<SUMIFS(PC_Semanal!$B$6:$B$205,PC_Semanal!$I$6:$I$205,$I7,PC_Semanal!$A$6:$A$205,$A7-1),"Caída","Igual"))))) -> - | K7: =IF($B7="","",IF($B7>=Inputs!$B$5,"Verde",IF($B7>=Inputs!$B$5*Inputs!$B$8,"Amarillo","Rojo"))) | L7: Monzi
A8: 1 | I8: Andrea Linarte | J8: =IF($A10="","-",IF($A10<2,"-",IF(SUMIFS(PC_Semanal!$B$6:$B$205,PC_Semanal!$I$6:$I$205,$I8,PC_Semanal!$A$6:$A$205,$A10-1)=0,"-",IF($B8>SUMIFS(PC_Semanal!$B$6:$B$205,PC_Semanal!$I$6:$I$205,$I8,PC_Semanal!$A$6:$A$205,$A10-1),"Mejora",IF($B8<SUMIFS(PC_Semanal!$B$6:$B$205,PC_Semanal!$I$6:$I$205,$I8,PC_Semanal!$A$6:$A$205,$A10-1),"Caída","Igual"))))) -> - | K8: =IF($B8="","",IF($B8>=Inputs!$B$5,"Verde",IF($B8>=Inputs!$B$5*Inputs!$B$8,"Amarillo","Rojo"))) | L8: Margarita
A9: 1 | I9: Andres Feoli | J9: =IF($A9="","-",IF($A9<2,"-",IF(SUMIFS(PC_Semanal!$B$6:$B$205,PC_Semanal!$I$6:$I$205,$I9,PC_Semanal!$A$6:$A$205,$A9-1)=0,"-",IF($B9>SUMIFS(PC_Semanal!$B$6:$B$205,PC_Semanal!$I$6:$I$205,$I9,PC_Semanal!$A$6:$A$205,$A9-1),"Mejora",IF($B9<SUMIFS(PC_Semanal!$B$6:$B$205,PC_Semanal!$I$6:$I$205,$I9,PC_Semanal!$A$6:$A$205,$A9-1),"Caída","Igual"))))) -> - | K9: =IF($B9="","",IF($B9>=Inputs!$B$5,"Verde",IF($B9>=Inputs!$B$5*Inputs!$B$8,"Amarillo","Rojo"))) | L9: David
A10: 1 | I10: Carmen Gutiérrez | J10: =IF($A10="","-",IF($A10<2,"-",IF(SUMIFS(PC_Semanal!$B$6:$B$205,PC_Semanal!$I$6:$I$205,$I10,PC_Semanal!$A$6:$A$205,$A10-1)=0,"-",IF($B10>SUMIFS(PC_Semanal!$B$6:$B$205,PC_Semanal!$I$6:$I$205,$I10,PC_Semanal!$A$6:$A$205,$A10-1),"Mejora",IF($B10<SUMIFS(PC_Semanal!$B$6:$B$205,PC_Semanal!$I$6:$I$205,$I10,PC_Semanal!$A$6:$A$205,$A10-1),"Caída","Igual"))))) -> - | K10: =IF($B10="","",IF($B10>=Inputs!$B$5,"Verde",IF($B10>=Inputs!$B$5*Inputs!$B$8,"Amarillo","Rojo"))) | L10: Yami
A11: 1 | I11: Diego Valerio | J11: =IF($A11="","-",IF($A11<2,"-",IF(SUMIFS(PC_Semanal!$B$6:$B$205,PC_Semanal!$I$6:$I$205,#REF!,PC_Semanal!$A$6:$A$205,$A11-1)=0,"-",IF($B11>SUMIFS(PC_Semanal!$B$6:$B$205,PC_Semanal!$I$6:$I$205,#REF!,PC_Semanal!$A$6:$A$205,$A11-1),"Mejora",IF($B11<SUMIFS(PC_Semanal!$B$6:$B$205,PC_Semanal!$I$6:$I$205,#REF!,PC_Semanal!$A$6:$A$205,$A11-1),"Caída","Igual"))))) -> - | K11: =IF($B11="","",IF($B11>=Inputs!$B$5,"Verde",IF($B11>=Inputs!$B$5*Inputs!$B$8,"Amarillo","Rojo"))) | L11: David
A12: 1 | I12: Eric Giron | J12: =IF($A12="","-",IF($A12<2,"-",IF(SUMIFS(PC_Semanal!$B$6:$B$205,PC_Semanal!$I$6:$I$205,#REF!,PC_Semanal!$A$6:$A$205,$A12-1)=0,"-",IF($B12>SUMIFS(PC_Semanal!$B$6:$B$205,PC_Semanal!$I$6:$I$205,#REF!,PC_Semanal!$A$6:$A$205,$A12-1),"Mejora",IF($B12<SUMIFS(PC_Semanal!$B$6:$B$205,PC_Semanal!$I$6:$I$205,#REF!,PC_Semanal!$A$6:$A$205,$A12-1),"Caída","Igual"))))) -> - | K12: =IF($B12="","",IF($B12>=Inputs!$B$5,"Verde",IF($B12>=Inputs!$B$5*Inputs!$B$8,"Amarillo","Rojo"))) | L12: David
A13: 1 | I13: Eva Loría | J13: =IF($A13="","-",IF($A13<2,"-",IF(SUMIFS(PC_Semanal!$B$6:$B$205,PC_Semanal!$I$6:$I$205,#REF!,PC_Semanal!$A$6:$A$205,$A13-1)=0,"-",IF($B13>SUMIFS(PC_Semanal!$B$6:$B$205,PC_Semanal!$I$6:$I$205,#REF!,PC_Semanal!$A$6:$A$205,$A13-1),"Mejora",IF($B13<SUMIFS(PC_Semanal!$B$6:$B$205,PC_Semanal!$I$6:$I$205,#REF!,PC_Semanal!$A$6:$A$205,$A13-1),"Caída","Igual"))))) -> - | K13: =IF($B13="","",IF($B13>=Inputs!$B$5,"Verde",IF($B13>=Inputs!$B$5*Inputs!$B$8,"Amarillo","Rojo"))) | L13: Yami
A14: 1 | I14: Hilda Betancort | J14: =IF($A14="","-",IF($A14<2,"-",IF(SUMIFS(PC_Semanal!$B$6:$B$205,PC_Semanal!$I$6:$I$205,#REF!,PC_Semanal!$A$6:$A$205,$A14-1)=0,"-",IF($B14>SUMIFS(PC_Semanal!$B$6:$B$205,PC_Semanal!$I$6:$I$205,#REF!,PC_Semanal!$A$6:$A$205,$A14-1),"Mejora",IF($B14<SUMIFS(PC_Semanal!$B$6:$B$205,PC_Semanal!$I$6:$I$205,#REF!,PC_Semanal!$A$6:$A$205,$A14-1),"Caída","Igual"))))) -> - | K14: =IF($B14="","",IF($B14>=Inputs!$B$5,"Verde",IF($B14>=Inputs!$B$5*Inputs!$B$8,"Amarillo","Rojo"))) | L14: Carolina
A15: 1 | I15: Lauren Arias | J15: =IF($A15="","-",IF($A15<2,"-",IF(SUMIFS(PC_Semanal!$B$6:$B$205,PC_Semanal!$I$6:$I$205,#REF!,PC_Semanal!$A$6:$A$205,$A15-1)=0,"-",IF($B15>SUMIFS(PC_Semanal!$B$6:$B$205,PC_Semanal!$I$6:$I$205,#REF!,PC_Semanal!$A$6:$A$205,$A15-1),"Mejora",IF($B15<SUMIFS(PC_Semanal!$B$6:$B$205,PC_Semanal!$I$6:$I$205,#REF!,PC_Semanal!$A$6:$A$205,$A15-1),"Caída","Igual"))))) -> - | K15: =IF($B15="","",IF($B15>=Inputs!$B$5,"Verde",IF($B15>=Inputs!$B$5*Inputs!$B$8,"Amarillo","Rojo"))) | L15: David
A16: 1 | I16: Lorena Vargas | J16: =IF($A16="","-",IF($A16<2,"-",IF(SUMIFS(PC_Semanal!$B$6:$B$205,PC_Semanal!$I$6:$I$205,#REF!,PC_Semanal!$A$6:$A$205,$A16-1)=0,"-",IF($B16>SUMIFS(PC_Semanal!$B$6:$B$205,PC_Semanal!$I$6:$I$205,#REF!,PC_Semanal!$A$6:$A$205,$A16-1),"Mejora",IF($B16<SUMIFS(PC_Semanal!$B$6:$B$205,PC_Semanal!$I$6:$I$205,#REF!,PC_Semanal!$A$6:$A$205,$A16-1),"Caída","Igual"))))) -> - | K16: =IF($B16="","",IF($B16>=Inputs!$B$5,"Verde",IF($B16>=Inputs!$B$5*Inputs!$B$8,"Amarillo","Rojo"))) | L16: Berta
A17: 1 | I17: Lucía Meza | J17: =IF($A17="","-",IF($A17<2,"-",IF(SUMIFS(PC_Semanal!$B$6:$B$205,PC_Semanal!$I$6:$I$205,$I17,PC_Semanal!$A$6:$A$205,$A17-1)=0,"-",IF($B17>SUMIFS(PC_Semanal!$B$6:$B$205,PC_Semanal!$I$6:$I$205,$I17,PC_Semanal!$A$6:$A$205,$A17-1),"Mejora",IF($B17<SUMIFS(PC_Semanal!$B$6:$B$205,PC_Semanal!$I$6:$I$205,$I17,PC_Semanal!$A$6:$A$205,$A17-1),"Caída","Igual"))))) -> - | K17: =IF($B17="","",IF($B17>=Inputs!$B$5,"Verde",IF($B17>=Inputs!$B$5*Inputs!$B$8,"Amarillo","Rojo"))) | L17: David
A18: 1 | I18: Margarita Escalante | J18: =IF($A18="","-",IF($A18<2,"-",IF(SUMIFS(PC_Semanal!$B$6:$B$205,PC_Semanal!$I$6:$I$205,#REF!,PC_Semanal!$A$6:$A$205,$A18-1)=0,"-",IF($B18>SUMIFS(PC_Semanal!$B$6:$B$205,PC_Semanal!$I$6:$I$205,#REF!,PC_Semanal!$A$6:$A$205,$A18-1),"Mejora",IF($B18<SUMIFS(PC_Semanal!$B$6:$B$205,PC_Semanal!$I$6:$I$205,#REF!,PC_Semanal!$A$6:$A$205,$A18-1),"Caída","Igual"))))) -> - | K18: =IF($B18="","",IF($B18>=Inputs!$B$5,"Verde",IF($B18>=Inputs!$B$5*Inputs!$B$8,"Amarillo","Rojo"))) | L18: Lety
A19: 1 | I19: Marianela Jiménez | J19: =IF($A21="","-",IF($A21<2,"-",IF(SUMIFS(PC_Semanal!$B$6:$B$205,PC_Semanal!$I$6:$I$205,$I19,PC_Semanal!$A$6:$A$205,$A21-1)=0,"-",IF($B19>SUMIFS(PC_Semanal!$B$6:$B$205,PC_Semanal!$I$6:$I$205,$I19,PC_Semanal!$A$6:$A$205,$A21-1),"Mejora",IF($B19<SUMIFS(PC_Semanal!$B$6:$B$205,PC_Semanal!$I$6:$I$205,$I19,PC_Semanal!$A$6:$A$205,$A21-1),"Caída","Igual"))))) -> - | K19: =IF($B19="","",IF($B19>=Inputs!$B$5,"Verde",IF($B19>=Inputs!$B$5*Inputs!$B$8,"Amarillo","Rojo"))) | L19: David
A20: 1 | I20: Maricel Calderón | J20: =IF($A20="","-",IF($A20<2,"-",IF(SUMIFS(PC_Semanal!$B$6:$B$205,PC_Semanal!$I$6:$I$205,$I20,PC_Semanal!$A$6:$A$205,$A20-1)=0,"-",IF($B20>SUMIFS(PC_Semanal!$B$6:$B$205,PC_Semanal!$I$6:$I$205,$I20,PC_Semanal!$A$6:$A$205,$A20-1),"Mejora",IF($B20<SUMIFS(PC_Semanal!$B$6:$B$205,PC_Semanal!$I$6:$I$205,$I20,PC_Semanal!$A$6:$A$205,$A20-1),"Caída","Igual"))))) -> - | K20: =IF($B20="","",IF($B20>=Inputs!$B$5,"Verde",IF($B20>=Inputs!$B$5*Inputs!$B$8,"Amarillo","Rojo"))) | L20: Berta
A21: 1 | I21: Maryangeles Suárez | J21: =IF($A23="","-",IF($A23<2,"-",IF(SUMIFS(PC_Semanal!$B$6:$B$205,PC_Semanal!$I$6:$I$205,$I21,PC_Semanal!$A$6:$A$205,$A23-1)=0,"-",IF($B21>SUMIFS(PC_Semanal!$B$6:$B$205,PC_Semanal!$I$6:$I$205,$I21,PC_Semanal!$A$6:$A$205,$A23-1),"Mejora",IF($B21<SUMIFS(PC_Semanal!$B$6:$B$205,PC_Semanal!$I$6:$I$205,$I21,PC_Semanal!$A$6:$A$205,$A23-1),"Caída","Igual"))))) -> - | K21: =IF($B21="","",IF($B21>=Inputs!$B$5,"Verde",IF($B21>=Inputs!$B$5*Inputs!$B$8,"Amarillo","Rojo"))) | L21: Lety
A22: 1 | I22: Natalia Peña | J22: =IF($A22="","-",IF($A22<2,"-",IF(SUMIFS(PC_Semanal!$B$6:$B$205,PC_Semanal!$I$6:$I$205,#REF!,PC_Semanal!$A$6:$A$205,$A22-1)=0,"-",IF($B22>SUMIFS(PC_Semanal!$B$6:$B$205,PC_Semanal!$I$6:$I$205,#REF!,PC_Semanal!$A$6:$A$205,$A22-1),"Mejora",IF($B22<SUMIFS(PC_Semanal!$B$6:$B$205,PC_Semanal!$I$6:$I$205,#REF!,PC_Semanal!$A$6:$A$205,$A22-1),"Caída","Igual"))))) -> - | K22: =IF($B22="","",IF($B22>=Inputs!$B$5,"Verde",IF($B22>=Inputs!$B$5*Inputs!$B$8,"Amarillo","Rojo"))) | L22: Monzi
I23: Rosa Villa | J23: =IF($A23="","-",IF($A23<2,"-",IF(SUMIFS(PC_Semanal!$B$6:$B$205,PC_Semanal!$I$6:$I$205,$I23,PC_Semanal!$A$6:$A$205,$A23-1)=0,"-",IF($B23>SUMIFS(PC_Semanal!$B$6:$B$205,PC_Semanal!$I$6:$I$205,$I23,PC_Semanal!$A$6:$A$205,$A23-1),"Mejora",IF($B23<SUMIFS(PC_Semanal!$B$6:$B$205,PC_Semanal!$I$6:$I$205,$I23,PC_Semanal!$A$6:$A$205,$A23-1),"Caída","Igual"))))) -> - | K23: =IF($B23="","",IF($B23>=Inputs!$B$5,"Verde",IF($B23>=Inputs!$B$5*Inputs!$B$8,"Amarillo","Rojo"))) | L23: Carlos W
A24: 1 | I24: Tatiana Arroyo | J24: =IF($A24="","-",IF($A24<2,"-",IF(SUMIFS(PC_Semanal!$B$6:$B$205,PC_Semanal!$I$6:$I$205,#REF!,PC_Semanal!$A$6:$A$205,$A24-1)=0,"-",IF($B24>SUMIFS(PC_Semanal!$B$6:$B$205,PC_Semanal!$I$6:$I$205,#REF!,PC_Semanal!$A$6:$A$205,$A24-1),"Mejora",IF($B24<SUMIFS(PC_Semanal!$B$6:$B$205,PC_Semanal!$I$6:$I$205,#REF!,PC_Semanal!$A$6:$A$205,$A24-1),"Caída","Igual"))))) -> - | K24: =IF($B24="","",IF($B24>=Inputs!$B$5,"Verde",IF($B24>=Inputs!$B$5*Inputs!$B$8,"Amarillo","Rojo"))) | L24: Alex
A25: 1 | I25: Violeta Rojas | J25: =IF($A27="","-",IF($A27<2,"-",IF(SUMIFS(PC_Semanal!$B$6:$B$205,PC_Semanal!$I$6:$I$205,$I25,PC_Semanal!$A$6:$A$205,$A27-1)=0,"-",IF($B25>SUMIFS(PC_Semanal!$B$6:$B$205,PC_Semanal!$I$6:$I$205,$I25,PC_Semanal!$A$6:$A$205,$A27-1),"Mejora",IF($B25<SUMIFS(PC_Semanal!$B$6:$B$205,PC_Semanal!$I$6:$I$205,$I25,PC_Semanal!$A$6:$A$205,$A27-1),"Caída","Igual"))))) -> - | K25: =IF($B25="","",IF($B25>=Inputs!$B$5,"Verde",IF($B25>=Inputs!$B$5*Inputs!$B$8,"Amarillo","Rojo"))) | L25: Yami
I26: Wilber Zavala | J26: =IF($A28="","-",IF($A28<2,"-",IF(SUMIFS(PC_Semanal!$B$6:$B$205,PC_Semanal!$I$6:$I$205,$I26,PC_Semanal!$A$6:$A$205,$A28-1)=0,"-",IF($B26>SUMIFS(PC_Semanal!$B$6:$B$205,PC_Semanal!$I$6:$I$205,$I26,PC_Semanal!$A$6:$A$205,$A28-1),"Mejora",IF($B26<SUMIFS(PC_Semanal!$B$6:$B$205,PC_Semanal!$I$6:$I$205,$I26,PC_Semanal!$A$6:$A$205,$A28-1),"Caída","Igual"))))) -> - | K26: =IF($B26="","",IF($B26>=Inputs!$B$5,"Verde",IF($B26>=Inputs!$B$5*Inputs!$B$8,"Amarillo","Rojo"))) | L26: Carolina
A27: 1 | I27: Yesetnia Luna | J27: =IF($A27="","-",IF($A27<2,"-",IF(SUMIFS(PC_Semanal!$B$6:$B$205,PC_Semanal!$I$6:$I$205,#REF!,PC_Semanal!$A$6:$A$205,$A27-1)=0,"-",IF($B27>SUMIFS(PC_Semanal!$B$6:$B$205,PC_Semanal!$I$6:$I$205,#REF!,PC_Semanal!$A$6:$A$205,$A27-1),"Mejora",IF($B27<SUMIFS(PC_Semanal!$B$6:$B$205,PC_Semanal!$I$6:$I$205,#REF!,PC_Semanal!$A$6:$A$205,$A27-1),"Caída","Igual"))))) -> - | K27: =IF($B27="","",IF($B27>=Inputs!$B$5,"Verde",IF($B27>=Inputs!$B$5*Inputs!$B$8,"Amarillo","Rojo"))) | L27: Yami
A28: 1 | I28: Zaida Vargas | J28: =IF($A28="","-",IF($A28<2,"-",IF(SUMIFS(PC_Semanal!$B$6:$B$205,PC_Semanal!$I$6:$I$205,#REF!,PC_Semanal!$A$6:$A$205,$A28-1)=0,"-",IF($B28>SUMIFS(PC_Semanal!$B$6:$B$205,PC_Semanal!$I$6:$I$205,#REF!,PC_Semanal!$A$6:$A$205,$A28-1),"Mejora",IF($B28<SUMIFS(PC_Semanal!$B$6:$B$205,PC_Semanal!$I$6:$I$205,#REF!,PC_Semanal!$A$6:$A$205,$A28-1),"Caída","Igual"))))) -> - | K28: =IF($B28="","",IF($B28>=Inputs!$B$5,"Verde",IF($B28>=Inputs!$B$5*Inputs!$B$8,"Amarillo","Rojo"))) | L28: Carolina
J29: =IF($A29="","-",IF($A29<2,"-",IF(SUMIFS(PC_Semanal!$B$6:$B$205,PC_Semanal!$I$6:$I$205,$I29,PC_Semanal!$A$6:$A$205,$A29-1)=0,"-",IF($B29>SUMIFS(PC_Semanal!$B$6:$B$205,PC_Semanal!$I$6:$I$205,$I29,PC_Semanal!$A$6:$A$205,$A29-1),"Mejora",IF($B29<SUMIFS(PC_Semanal!$B$6:$B$205,PC_Semanal!$I$6:$I$205,$I29,PC_Semanal!$A$6:$A$205,$A29-1),"Caída","Igual"))))) -> - | K29: =IF($B29="","",IF($B29>=Inputs!$B$5,"Verde",IF($B29>=Inputs!$B$5*Inputs!$B$8,"Amarillo","Rojo")))
J30: =IF($A30="","-",IF($A30<2,"-",IF(SUMIFS(PC_Semanal!$B$6:$B$205,PC_Semanal!$I$6:$I$205,$I30,PC_Semanal!$A$6:$A$205,$A30-1)=0,"-",IF($B30>SUMIFS(PC_Semanal!$B$6:$B$205,PC_Semanal!$I$6:$I$205,$I30,PC_Semanal!$A$6:$A$205,$A30-1),"Mejora",IF($B30<SUMIFS(PC_Semanal!$B$6:$B$205,PC_Semanal!$I$6:$I$205,$I30,PC_Semanal!$A$6:$A$205,$A30-1),"Caída","Igual"))))) -> - | K30: =IF($B30="","",IF($B30>=Inputs!$B$5,"Verde",IF($B30>=Inputs!$B$5*Inputs!$B$8,"Amarillo","Rojo")))
J31: =IF($A31="","-",IF($A31<2,"-",IF(SUMIFS(PC_Semanal!$B$6:$B$205,PC_Semanal!$I$6:$I$205,$I31,PC_Semanal!$A$6:$A$205,$A31-1)=0,"-",IF($B31>SUMIFS(PC_Semanal!$B$6:$B$205,PC_Semanal!$I$6:$I$205,$I31,PC_Semanal!$A$6:$A$205,$A31-1),"Mejora",IF($B31<SUMIFS(PC_Semanal!$B$6:$B$205,PC_Semanal!$I$6:$I$205,$I31,PC_Semanal!$A$6:$A$205,$A31-1),"Caída","Igual"))))) -> - | K31: =IF($B31="","",IF($B31>=Inputs!$B$5,"Verde",IF($B31>=Inputs!$B$5*Inputs!$B$8,"Amarillo","Rojo")))
J32: =IF($A32="","-",IF($A32<2,"-",IF(SUMIFS(PC_Semanal!$B$6:$B$205,PC_Semanal!$I$6:$I$205,$I32,PC_Semanal!$A$6:$A$205,$A32-1)=0,"-",IF($B32>SUMIFS(PC_Semanal!$B$6:$B$205,PC_Semanal!$I$6:$I$205,$I32,PC_Semanal!$A$6:$A$205,$A32-1),"Mejora",IF($B32<SUMIFS(PC_Semanal!$B$6:$B$205,PC_Semanal!$I$6:$I$205,$I32,PC_Semanal!$A$6:$A$205,$A32-1),"Caída","Igual"))))) -> - | K32: =IF($B32="","",IF($B32>=Inputs!$B$5,"Verde",IF($B32>=Inputs!$B$5*Inputs!$B$8,"Amarillo","Rojo")))
J33: =IF($A33="","-",IF($A33<2,"-",IF(SUMIFS(PC_Semanal!$B$6:$B$205,PC_Semanal!$I$6:$I$205,$I33,PC_Semanal!$A$6:$A$205,$A33-1)=0,"-",IF($B33>SUMIFS(PC_Semanal!$B$6:$B$205,PC_Semanal!$I$6:$I$205,$I33,PC_Semanal!$A$6:$A$205,$A33-1),"Mejora",IF($B33<SUMIFS(PC_Semanal!$B$6:$B$205,PC_Semanal!$I$6:$I$205,$I33,PC_Semanal!$A$6:$A$205,$A33-1),"Caída","Igual"))))) -> - | K33: =IF($B33="","",IF($B33>=Inputs!$B$5,"Verde",IF($B33>=Inputs!$B$5*Inputs!$B$8,"Amarillo","Rojo")))
J34: =IF($A34="","-",IF($A34<2,"-",IF(SUMIFS(PC_Semanal!$B$6:$B$205,PC_Semanal!$I$6:$I$205,$I34,PC_Semanal!$A$6:$A$205,$A34-1)=0,"-",IF($B34>SUMIFS(PC_Semanal!$B$6:$B$205,PC_Semanal!$I$6:$I$205,$I34,PC_Semanal!$A$6:$A$205,$A34-1),"Mejora",IF($B34<SUMIFS(PC_Semanal!$B$6:$B$205,PC_Semanal!$I$6:$I$205,$I34,PC_Semanal!$A$6:$A$205,$A34-1),"Caída","Igual"))))) -> - | K34: =IF($B34="","",IF($B34>=Inputs!$B$5,"Verde",IF($B34>=Inputs!$B$5*Inputs!$B$8,"Amarillo","Rojo")))
J35: =IF($A35="","-",IF($A35<2,"-",IF(SUMIFS(PC_Semanal!$B$6:$B$205,PC_Semanal!$I$6:$I$205,$I35,PC_Semanal!$A$6:$A$205,$A35-1)=0,"-",IF($B35>SUMIFS(PC_Semanal!$B$6:$B$205,PC_Semanal!$I$6:$I$205,$I35,PC_Semanal!$A$6:$A$205,$A35-1),"Mejora",IF($B35<SUMIFS(PC_Semanal!$B$6:$B$205,PC_Semanal!$I$6:$I$205,$I35,PC_Semanal!$A$6:$A$205,$A35-1),"Caída","Igual"))))) -> - | K35: =IF($B35="","",IF($B35>=Inputs!$B$5,"Verde",IF($B35>=Inputs!$B$5*Inputs!$B$8,"Amarillo","Rojo")))
J36: =IF($A36="","-",IF($A36<2,"-",IF(SUMIFS(PC_Semanal!$B$6:$B$205,PC_Semanal!$I$6:$I$205,$I36,PC_Semanal!$A$6:$A$205,$A36-1)=0,"-",IF($B36>SUMIFS(PC_Semanal!$B$6:$B$205,PC_Semanal!$I$6:$I$205,$I36,PC_Semanal!$A$6:$A$205,$A36-1),"Mejora",IF($B36<SUMIFS(PC_Semanal!$B$6:$B$205,PC_Semanal!$I$6:$I$205,$I36,PC_Semanal!$A$6:$A$205,$A36-1),"Caída","Igual"))))) -> - | K36: =IF($B36="","",IF($B36>=Inputs!$B$5,"Verde",IF($B36>=Inputs!$B$5*Inputs!$B$8,"Amarillo","Rojo")))
J37: =IF($A37="","-",IF($A37<2,"-",IF(SUMIFS(PC_Semanal!$B$6:$B$205,PC_Semanal!$I$6:$I$205,$I37,PC_Semanal!$A$6:$A$205,$A37-1)=0,"-",IF($B37>SUMIFS(PC_Semanal!$B$6:$B$205,PC_Semanal!$I$6:$I$205,$I37,PC_Semanal!$A$6:$A$205,$A37-1),"Mejora",IF($B37<SUMIFS(PC_Semanal!$B$6:$B$205,PC_Semanal!$I$6:$I$205,$I37,PC_Semanal!$A$6:$A$205,$A37-1),"Caída","Igual"))))) -> - | K37: =IF($B37="","",IF($B37>=Inputs!$B$5,"Verde",IF($B37>=Inputs!$B$5*Inputs!$B$8,"Amarillo","Rojo")))
J38: =IF($A38="","-",IF($A38<2,"-",IF(SUMIFS(PC_Semanal!$B$6:$B$205,PC_Semanal!$I$6:$I$205,$I38,PC_Semanal!$A$6:$A$205,$A38-1)=0,"-",IF($B38>SUMIFS(PC_Semanal!$B$6:$B$205,PC_Semanal!$I$6:$I$205,$I38,PC_Semanal!$A$6:$A$205,$A38-1),"Mejora",IF($B38<SUMIFS(PC_Semanal!$B$6:$B$205,PC_Semanal!$I$6:$I$205,$I38,PC_Semanal!$A$6:$A$205,$A38-1),"Caída","Igual"))))) -> - | K38: =IF($B38="","",IF($B38>=Inputs!$B$5,"Verde",IF($B38>=Inputs!$B$5*Inputs!$B$8,"Amarillo","Rojo")))
J39: =IF($A39="","-",IF($A39<2,"-",IF(SUMIFS(PC_Semanal!$B$6:$B$205,PC_Semanal!$I$6:$I$205,$I39,PC_Semanal!$A$6:$A$205,$A39-1)=0,"-",IF($B39>SUMIFS(PC_Semanal!$B$6:$B$205,PC_Semanal!$I$6:$I$205,$I39,PC_Semanal!$A$6:$A$205,$A39-1),"Mejora",IF($B39<SUMIFS(PC_Semanal!$B$6:$B$205,PC_Semanal!$I$6:$I$205,$I39,PC_Semanal!$A$6:$A$205,$A39-1),"Caída","Igual"))))) -> - | K39: =IF($B39="","",IF($B39>=Inputs!$B$5,"Verde",IF($B39>=Inputs!$B$5*Inputs!$B$8,"Amarillo","Rojo")))
J40: =IF($A40="","-",IF($A40<2,"-",IF(SUMIFS(PC_Semanal!$B$6:$B$205,PC_Semanal!$I$6:$I$205,$I40,PC_Semanal!$A$6:$A$205,$A40-1)=0,"-",IF($B40>SUMIFS(PC_Semanal!$B$6:$B$205,PC_Semanal!$I$6:$I$205,$I40,PC_Semanal!$A$6:$A$205,$A40-1),"Mejora",IF($B40<SUMIFS(PC_Semanal!$B$6:$B$205,PC_Semanal!$I$6:$I$205,$I40,PC_Semanal!$A$6:$A$205,$A40-1),"Caída","Igual"))))) -> - | K40: =IF($B40="","",IF($B40>=Inputs!$B$5,"Verde",IF($B40>=Inputs!$B$5*Inputs!$B$8,"Amarillo","Rojo")))
... J205: =IF($A205="","-",IF($A205<2,"-",IF(SUMIFS(PC_Semanal!$B$6:$B$205,PC_Semanal!$I$6:$I$205,$I205,PC_Semanal!$A$6:$A$205,$A205-1)=0,"-",IF($B205>SUMIFS(PC_Semanal!$B$6:$B$205,PC_Semanal!$I$6:$I$205,$I205,PC_Semanal!$A$6:$A$205,$A205-1),"Mejora",IF($B205<SUMIFS(PC_Semanal!$B$6:$B$205,PC_Semanal!$I$6:$I$205,$I205,PC_Semanal!$A$6:$A$205,$A205-1),"Caída","Igual"))))) -> - | K205: =IF($B205="","",IF($B205>=Inputs!$B$5,"Verde",IF($B205>=Inputs!$B$5*Inputs!$B$8,"Amarillo","Rojo")))

Sheet PC_Clinica
A1: PC – Role Plays / Objeciones
A2: Rúbrica rápida. Usa 1 fila por evaluación.
A4: En Acción correctiva: escribe 1 ajuste específico para la semana.
A5: Fecha | B5: Tema | C5: Asesor evaluado | D5: Seguridad (1-5) | E5: Claridad (1-5) | F5: Manejo objeción (1-5) | G5: Pide acción (1-5) | H5: Acción correctiva | I5: Observaciones
C6: Alain Hernandez
C7: Alfonsina Hernández
C8: Andrea Linarte
C9: Andres Feoli
C10: Carmen Gutiérrez
C11: Diego Valerio
C12: Eric Giron
C13: Eva Loría
C14: Hilda Betancort
C15: Lauren Arias
C16: Lorena Vargas
C17: Lucía Meza
... C28: Zaida Vargas

Sheet PC_Pipeline
A1: PC – Revisión de Pipeline (Jueves)
A2: Usa 1 fila por asesor por semana. Estado recomendado: Verde/Amarillo/Rojo.
A4: Tip: Próximo paso debe ser acción concreta con fecha.
A5: Semana | B5: Asesor | C5: # Oportunidades activas | D5: Próximo paso claro | E5: Fecha próximo paso | F5: Riesgo | G5: Acción definida | H5: Estado
B6: Alain Hernandez
B7: Alfonsina Hernández
B8: Andrea Linarte
B9: Andres Feoli
B10: Carmen Gutiérrez
B11: Diego Valerio
B12: Eric Giron
B13: Eva Loría
B14: Hilda Betancort
B15: Lauren Arias
B16: Lorena Vargas
B17: Lucía Meza
... B28: Zaida Vargas

Sheet PC_Intervencion
A1: PC – Intervención (1:1 / Plan Correctivo)
A2: Registra intervención formal para Amarillo o Rojo. Estatus recomendado: Abierto/En curso/Cerrado.
A4: Tip: Meta concreta debe ser medible (citas, UC, listados, conversaciones).
A5: Fecha | B5: Asesor | C5: Motivo | D5: Nivel (A/R) | E5: Plan 14 días | F5: Meta concreta | G5: Fecha revisión | H5: Responsable | I5: Estatus

Sheet TL_Resumen
A1: TL – Resumen Ejecutivo Semanal
A2: Totales por semana desde PC_Semanal. Cambia Inputs!B9 (Semana actual) para filtrar análisis rápido.
A4: Nota: Verdes se calculan por Semáforo en PC_Semanal.
A5: Semana | B5: Total conversaciones | C5: Total citas agendadas | D5: Total citas realizadas | E5: Total listados | F5: Total UC | G5: Total closings | H5: GCI total | I5: % Productivos (Verde) | J5: Verdes | K5: Total asesores
A6: 0 | B6: =SUMIFS(PC_Semanal!$B$6:$B$205,PC_Semanal!$A$6:$A$205,$A6) -> 0 | C6: =SUMIFS(PC_Semanal!$C$6:$C$205,PC_Semanal!$A$6:$A$205,$A6) -> 0 | D6: =SUMIFS(PC_Semanal!$D$6:$D$205,PC_Semanal!$A$6:$A$205,$A6) -> 0 | E6: =SUMIFS(PC_Semanal!$E$6:$E$205,PC_Semanal!$A$6:$A$205,$A6) -> 0 | F6: =SUMIFS(PC_Semanal!$F$6:$F$205,PC_Semanal!$A$6:$A$205,$A6) -> 0 | G6: =SUMIFS(PC_Semanal!$G$6:$G$205,PC_Semanal!$A$6:$A$205,$A6) -> 0 | H6: =SUMIFS(PC_Semanal!$H$6:$H$205,PC_Semanal!$A$6:$A$205,$A6) -> 0 | I6: =IF($K6=0,"-", $J6/$K6) -> - | J6: =COUNTIFS(PC_Semanal!$K$6:$K$205,"Verde",PC_Semanal!$A$6:$A$205,$A6) -> 0 | K6: =COUNTIFS(PC_Semanal!$A$6:$A$205,$A6,PC_Semanal!$I$6:$I$205,"<>") -> 0
A7: 1 | B7: =SUMIFS(PC_Semanal!$B$6:$B$205,PC_Semanal!$A$6:$A$205,$A7) -> 0 | C7: =SUMIFS(PC_Semanal!$C$6:$C$205,PC_Semanal!$A$6:$A$205,$A7) -> 0 | D7: =SUMIFS(PC_Semanal!$D$6:$D$205,PC_Semanal!$A$6:$A$205,$A7) -> 0 | E7: =SUMIFS(PC_Semanal!$E$6:$E$205,PC_Semanal!$A$6:$A$205,$A7) -> 0 | F7: =SUMIFS(PC_Semanal!$F$6:$F$205,PC_Semanal!$A$6:$A$205,$A7) -> 0 | G7: =SUMIFS(PC_Semanal!$G$6:$G$205,PC_Semanal!$A$6:$A$205,$A7) -> 0 | H7: =SUMIFS(PC_Semanal!$H$6:$H$205,PC_Semanal!$A$6:$A$205,$A7) -> 0 | I7: =IF($K7=0,"-", $J7/$K7) -> 0 | J7: =COUNTIFS(PC_Semanal!$K$6:$K$205,"Verde",PC_Semanal!$A$6:$A$205,$A7) -> 0 | K7: =COUNTIFS(PC_Semanal!$A$6:$A$205,$A7,PC_Semanal!$I$6:$I$205,"<>") -> 21
A8: 2 | B8: =SUMIFS(PC_Semanal!$B$6:$B$205,PC_Semanal!$A$6:$A$205,$A8) -> 0 | C8: =SUMIFS(PC_Semanal!$C$6:$C$205,PC_Semanal!$A$6:$A$205,$A8) -> 0 | D8: =SUMIFS(PC_Semanal!$D$6:$D$205,PC_Semanal!$A$6:$A$205,$A8) -> 0 | E8: =SUMIFS(PC_Semanal!$E$6:$E$205,PC_Semanal!$A$6:$A$205,$A8) -> 0 | F8: =SUMIFS(PC_Semanal!$F$6:$F$205,PC_Semanal!$A$6:$A$205,$A8) -> 0 | G8: =SUMIFS(PC_Semanal!$G$6:$G$205,PC_Semanal!$A$6:$A$205,$A8) -> 0 | H8: =SUMIFS(PC_Semanal!$H$6:$H$205,PC_Semanal!$A$6:$A$205,$A8) -> 0 | I8: =IF($K8=0,"-", $J8/$K8) -> - | J8: =COUNTIFS(PC_Semanal!$K$6:$K$205,"Verde",PC_Semanal!$A$6:$A$205,$A8) -> 0 | K8: =COUNTIFS(PC_Semanal!$A$6:$A$205,$A8,PC_Semanal!$I$6:$I$205,"<>") -> 0
A9: 3 | B9: =SUMIFS(PC_Semanal!$B$6:$B$205,PC_Semanal!$A$6:$A$205,$A9) -> 0 | C9: =SUMIFS(PC_Semanal!$C$6:$C$205,PC_Semanal!$A$6:$A$205,$A9) -> 0 | D9: =SUMIFS(PC_Semanal!$D$6:$D$205,PC_Semanal!$A$6:$A$205,$A9) -> 0 | E9: =SUMIFS(PC_Semanal!$E$6:$E$205,PC_Semanal!$A$6:$A$205,$A9) -> 0 | F9: =SUMIFS(PC_Semanal!$F$6:$F$205,PC_Semanal!$A$6:$A$205,$A9) -> 0 | G9: =SUMIFS(PC_Semanal!$G$6:$G$205,PC_Semanal!$A$6:$A$205,$A9) -> 0 | H9: =SUMIFS(PC_Semanal!$H$6:$H$205,PC_Semanal!$A$6:$A$205,$A9) -> 0 | I9: =IF($K9=0,"-", $J9/$K9) -> - | J9: =COUNTIFS(PC_Semanal!$K$6:$K$205,"Verde",PC_Semanal!$A$6:$A$205,$A9) -> 0 | K9: =COUNTIFS(PC_Semanal!$A$6:$A$205,$A9,PC_Semanal!$I$6:$I$205,"<>") -> 0
A10: 4 | B10: =SUMIFS(PC_Semanal!$B$6:$B$205,PC_Semanal!$A$6:$A$205,$A10) -> 0 | C10: =SUMIFS(PC_Semanal!$C$6:$C$205,PC_Semanal!$A$6:$A$205,$A10) -> 0 | D10: =SUMIFS(PC_Semanal!$D$6:$D$205,PC_Semanal!$A$6:$A$205,$A10) -> 0 | E10: =SUMIFS(PC_Semanal!$E$6:$E$205,PC_Semanal!$A$6:$A$205,$A10) -> 0 | F10: =SUMIFS(PC_Semanal!$F$6:$F$205,PC_Semanal!$A$6:$A$205,$A10) -> 0 | G10: =SUMIFS(PC_Semanal!$G$6:$G$205,PC_Semanal!$A$6:$A$205,$A10) -> 0 | H10: =SUMIFS(PC_Semanal!$H$6:$H$205,PC_Semanal!$A$6:$A$205,$A10) -> 0 | I10: =IF($K10=0,"-", $J10/$K10) -> - | J10: =COUNTIFS(PC_Semanal!$K$6:$K$205,"Verde",PC_Semanal!$A$6:$A$205,$A10) -> 0 | K10: =COUNTIFS(PC_Semanal!$A$6:$A$205,$A10,PC_Semanal!$I$6:$I$205,"<>") -> 0
A11: 5 | B11: =SUMIFS(PC_Semanal!$B$6:$B$205,PC_Semanal!$A$6:$A$205,$A11) -> 0 | C11: =SUMIFS(PC_Semanal!$C$6:$C$205,PC_Semanal!$A$6:$A$205,$A11) -> 0 | D11: =SUMIFS(PC_Semanal!$D$6:$D$205,PC_Semanal!$A$6:$A$205,$A11) -> 0 | E11: =SUMIFS(PC_Semanal!$E$6:$E$205,PC_Semanal!$A$6:$A$205,$A11) -> 0 | F11: =SUMIFS(PC_Semanal!$F$6:$F$205,PC_Semanal!$A$6:$A$205,$A11) -> 0 | G11: =SUMIFS(PC_Semanal!$G$6:$G$205,PC_Semanal!$A$6:$A$205,$A11) -> 0 | H11: =SUMIFS(PC_Semanal!$H$6:$H$205,PC_Semanal!$A$6:$A$205,$A11) -> 0 | I11: =IF($K11=0,"-", $J11/$K11) -> - | J11: =COUNTIFS(PC_Semanal!$K$6:$K$205,"Verde",PC_Semanal!$A$6:$A$205,$A11) -> 0 | K11: =COUNTIFS(PC_Semanal!$A$6:$A$205,$A11,PC_Semanal!$I$6:$I$205,"<>") -> 0
A12: 6 | B12: =SUMIFS(PC_Semanal!$B$6:$B$205,PC_Semanal!$A$6:$A$205,$A12) -> 0 | C12: =SUMIFS(PC_Semanal!$C$6:$C$205,PC_Semanal!$A$6:$A$205,$A12) -> 0 | D12: =SUMIFS(PC_Semanal!$D$6:$D$205,PC_Semanal!$A$6:$A$205,$A12) -> 0 | E12: =SUMIFS(PC_Semanal!$E$6:$E$205,PC_Semanal!$A$6:$A$205,$A12) -> 0 | F12: =SUMIFS(PC_Semanal!$F$6:$F$205,PC_Semanal!$A$6:$A$205,$A12) -> 0 | G12: =SUMIFS(PC_Semanal!$G$6:$G$205,PC_Semanal!$A$6:$A$205,$A12) -> 0 | H12: =SUMIFS(PC_Semanal!$H$6:$H$205,PC_Semanal!$A$6:$A$205,$A12) -> 0 | I12: =IF($K12=0,"-", $J12/$K12) -> - | J12: =COUNTIFS(PC_Semanal!$K$6:$K$205,"Verde",PC_Semanal!$A$6:$A$205,$A12) -> 0 | K12: =COUNTIFS(PC_Semanal!$A$6:$A$205,$A12,PC_Semanal!$I$6:$I$205,"<>") -> 0
A13: 7 | B13: =SUMIFS(PC_Semanal!$B$6:$B$205,PC_Semanal!$A$6:$A$205,$A13) -> 0 | C13: =SUMIFS(PC_Semanal!$C$6:$C$205,PC_Semanal!$A$6:$A$205,$A13) -> 0 | D13: =SUMIFS(PC_Semanal!$D$6:$D$205,PC_Semanal!$A$6:$A$205,$A13) -> 0 | E13: =SUMIFS(PC_Semanal!$E$6:$E$205,PC_Semanal!$A$6:$A$205,$A13) -> 0 | F13: =SUMIFS(PC_Semanal!$F$6:$F$205,PC_Semanal!$A$6:$A$205,$A13) -> 0 | G13: =SUMIFS(PC_Semanal!$G$6:$G$205,PC_Semanal!$A$6:$A$205,$A13) -> 0 | H13: =SUMIFS(PC_Semanal!$H$6:$H$205,PC_Semanal!$A$6:$A$205,$A13) -> 0 | I13: =IF($K13=0,"-", $J13/$K13) -> - | J13: =COUNTIFS(PC_Semanal!$K$6:$K$205,"Verde",PC_Semanal!$A$6:$A$205,$A13) -> 0 | K13: =COUNTIFS(PC_Semanal!$A$6:$A$205,$A13,PC_Semanal!$I$6:$I$205,"<>") -> 0
A14: 8 | B14: =SUMIFS(PC_Semanal!$B$6:$B$205,PC_Semanal!$A$6:$A$205,$A14) -> 0 | C14: =SUMIFS(PC_Semanal!$C$6:$C$205,PC_Semanal!$A$6:$A$205,$A14) -> 0 | D14: =SUMIFS(PC_Semanal!$D$6:$D$205,PC_Semanal!$A$6:$A$205,$A14) -> 0 | E14: =SUMIFS(PC_Semanal!$E$6:$E$205,PC_Semanal!$A$6:$A$205,$A14) -> 0 | F14: =SUMIFS(PC_Semanal!$F$6:$F$205,PC_Semanal!$A$6:$A$205,$A14) -> 0 | G14: =SUMIFS(PC_Semanal!$G$6:$G$205,PC_Semanal!$A$6:$A$205,$A14) -> 0 | H14: =SUMIFS(PC_Semanal!$H$6:$H$205,PC_Semanal!$A$6:$A$205,$A14) -> 0 | I14: =IF($K14=0,"-", $J14/$K14) -> - | J14: =COUNTIFS(PC_Semanal!$K$6:$K$205,"Verde",PC_Semanal!$A$6:$A$205,$A14) -> 0 | K14: =COUNTIFS(PC_Semanal!$A$6:$A$205,$A14,PC_Semanal!$I$6:$I$205,"<>") -> 0
A15: 9 | B15: =SUMIFS(PC_Semanal!$B$6:$B$205,PC_Semanal!$A$6:$A$205,$A15) -> 0 | C15: =SUMIFS(PC_Semanal!$C$6:$C$205,PC_Semanal!$A$6:$A$205,$A15) -> 0 | D15: =SUMIFS(PC_Semanal!$D$6:$D$205,PC_Semanal!$A$6:$A$205,$A15) -> 0 | E15: =SUMIFS(PC_Semanal!$E$6:$E$205,PC_Semanal!$A$6:$A$205,$A15) -> 0 | F15: =SUMIFS(PC_Semanal!$F$6:$F$205,PC_Semanal!$A$6:$A$205,$A15) -> 0 | G15: =SUMIFS(PC_Semanal!$G$6:$G$205,PC_Semanal!$A$6:$A$205,$A15) -> 0 | H15: =SUMIFS(PC_Semanal!$H$6:$H$205,PC_Semanal!$A$6:$A$205,$A15) -> 0 | I15: =IF($K15=0,"-", $J15/$K15) -> - | J15: =COUNTIFS(PC_Semanal!$K$6:$K$205,"Verde",PC_Semanal!$A$6:$A$205,$A15) -> 0 | K15: =COUNTIFS(PC_Semanal!$A$6:$A$205,$A15,PC_Semanal!$I$6:$I$205,"<>") -> 0
A16: 10 | B16: =SUMIFS(PC_Semanal!$B$6:$B$205,PC_Semanal!$A$6:$A$205,$A16) -> 0 | C16: =SUMIFS(PC_Semanal!$C$6:$C$205,PC_Semanal!$A$6:$A$205,$A16) -> 0 | D16: =SUMIFS(PC_Semanal!$D$6:$D$205,PC_Semanal!$A$6:$A$205,$A16) -> 0 | E16: =SUMIFS(PC_Semanal!$E$6:$E$205,PC_Semanal!$A$6:$A$205,$A16) -> 0 | F16: =SUMIFS(PC_Semanal!$F$6:$F$205,PC_Semanal!$A$6:$A$205,$A16) -> 0 | G16: =SUMIFS(PC_Semanal!$G$6:$G$205,PC_Semanal!$A$6:$A$205,$A16) -> 0 | H16: =SUMIFS(PC_Semanal!$H$6:$H$205,PC_Semanal!$A$6:$A$205,$A16) -> 0 | I16: =IF($K16=0,"-", $J16/$K16) -> - | J16: =COUNTIFS(PC_Semanal!$K$6:$K$205,"Verde",PC_Semanal!$A$6:$A$205,$A16) -> 0 | K16: =COUNTIFS(PC_Semanal!$A$6:$A$205,$A16,PC_Semanal!$I$6:$I$205,"<>") -> 0
A17: 11 | B17: =SUMIFS(PC_Semanal!$B$6:$B$205,PC_Semanal!$A$6:$A$205,$A17) -> 0 | C17: =SUMIFS(PC_Semanal!$C$6:$C$205,PC_Semanal!$A$6:$A$205,$A17) -> 0 | D17: =SUMIFS(PC_Semanal!$D$6:$D$205,PC_Semanal!$A$6:$A$205,$A17) -> 0 | E17: =SUMIFS(PC_Semanal!$E$6:$E$205,PC_Semanal!$A$6:$A$205,$A17) -> 0 | F17: =SUMIFS(PC_Semanal!$F$6:$F$205,PC_Semanal!$A$6:$A$205,$A17) -> 0 | G17: =SUMIFS(PC_Semanal!$G$6:$G$205,PC_Semanal!$A$6:$A$205,$A17) -> 0 | H17: =SUMIFS(PC_Semanal!$H$6:$H$205,PC_Semanal!$A$6:$A$205,$A17) -> 0 | I17: =IF($K17=0,"-", $J17/$K17) -> - | J17: =COUNTIFS(PC_Semanal!$K$6:$K$205,"Verde",PC_Semanal!$A$6:$A$205,$A17) -> 0 | K17: =COUNTIFS(PC_Semanal!$A$6:$A$205,$A17,PC_Semanal!$I$6:$I$205,"<>") -> 0
... A21: 15 | B21: =SUMIFS(PC_Semanal!$B$6:$B$205,PC_Semanal!$A$6:$A$205,$A21) -> 0 | C21: =SUMIFS(PC_Semanal!$C$6:$C$205,PC_Semanal!$A$6:$A$205,$A21) -> 0 | D21: =SUMIFS(PC_Semanal!$D$6:$D$205,PC_Semanal!$A$6:$A$205,$A21) -> 0 | E21: =SUMIFS(PC_Semanal!$E$6:$E$205,PC_Semanal!$A$6:$A$205,$A21) -> 0 | F21: =SUMIFS(PC_Semanal!$F$6:$F$205,PC_Semanal!$A$6:$A$205,$A21) -> 0 | G21: =SUMIFS(PC_Semanal!$G$6:$G$205,PC_Semanal!$A$6:$A$205,$A21) -> 0 | H21: =SUMIFS(PC_Semanal!$H$6:$H$205,PC_Semanal!$A$6:$A$205,$A21) -> 0 | I21: =IF($K21=0,"-", $J21/$K21) -> - | J21: =COUNTIFS(PC_Semanal!$K$6:$K$205,"Verde",PC_Semanal!$A$6:$A$205,$A21) -> 0 | K21: =COUNTIFS(PC_Semanal!$A$6:$A$205,$A21,PC_Semanal!$I$6:$I$205,"<>") -> 0

Sheet TL_Intervenciones
A1: TL – Control de Intervenciones
A2: Registro ejecutivo de decisiones y resultados de intervención.
A4: Tip: usar para seguimiento de rojos recurrentes.
A5: Semana | B5: Asesor | C5: Semana roja # | D5: Acción tomada | E5: Responsable | F5: Resultado | G5: Fecha

Sheet TL_Profit
A1: TL – Impacto en Rentabilidad (vista rápida)
A2: Conecta con TL_Resumen (GCI total). Puedes cargar una meta semanal si la usas.
A4: Celdas en azul son editables.
A5: Semana | B5: GCI total | C5: Meta GCI (opcional) | D5: Diferencia | E5: Acción
A6: 0 | B6: =TL_Resumen!$H6 -> 0 | D6: =IF($C6="","-", $B6-$C6) -> -
A7: 1 | B7: =TL_Resumen!$H7 -> 0 | D7: =IF($C7="","-", $B7-$C7) -> -
A8: 2 | B8: =TL_Resumen!$H8 -> 0 | D8: =IF($C8="","-", $B8-$C8) -> -
A9: 3 | B9: =TL_Resumen!$H9 -> 0 | D9: =IF($C9="","-", $B9-$C9) -> -
A10: 4 | B10: =TL_Resumen!$H10 -> 0 | D10: =IF($C10="","-", $B10-$C10) -> -
A11: 5 | B11: =TL_Resumen!$H11 -> 0 | D11: =IF($C11="","-", $B11-$C11) -> -
A12: 6 | B12: =TL_Resumen!$H12 -> 0 | D12: =IF($C12="","-", $B12-$C12) -> -
A13: 7 | B13: =TL_Resumen!$H13 -> 0 | D13: =IF($C13="","-", $B13-$C13) -> -
A14: 8 | B14: =TL_Resumen!$H14 -> 0 | D14: =IF($C14="","-", $B14-$C14) -> -
A15: 9 | B15: =TL_Resumen!$H15 -> 0 | D15: =IF($C15="","-", $B15-$C15) -> -
A16: 10 | B16: =TL_Resumen!$H16 -> 0 | D16: =IF($C16="","-", $B16-$C16) -> -
A17: 11 | B17: =TL_Resumen!$H17 -> 0 | D17: =IF($C17="","-", $B17-$C17) -> -
... A21: 15 | B21: =TL_Resumen!$H21 -> 0 | D21: =IF($C21="","-", $B21-$C21) -> -

Sheet TL_Decisiones
A1: TL – Decisiones Ejecutivas
A2: Registro formal de decisiones y seguimiento.
A4: Estatus recomendado: Pendiente/En curso/Cerrado.
A5: Fecha | B5: Tema | C5: Decisión | D5: Implementación (fecha) | E5: Responsable | F5: Estatus

Sheet Inputs
A1: ACTIVA 90 – Parámetros (editar en azul)
A2: Usado por fórmulas de semáforo y resúmenes
A4: Parámetro | B4: Valor | C4: Nota
A5: Meta conversaciones (semana) | B5: 15 | C5: Verde si >= meta; Amarillo si >=70% de meta
A6: Meta citas agendadas (semana) | B6: 5
A7: Meta citas realizadas (semana) | B7: 3
A8: Semáforo amarillo (%) | B8: 0.7 | C8: Umbral para Amarillo (ej. 0.7 = 70%)
A9: Semana actual | B9: 1 | C9: Cambia este valor para ver resúmenes TL por semana

Sheet PC_Diario
A1: PC – Control Diario (Power Hour)
A2: Registro diario por asesor. Semáforo automático basado en Conversaciones vs meta semanal (Inputs).
A4: Tip: usa 1 fila por día por asesor. Si prefieres semanal, usa PC_Semanal.
A5: Fecha | B5: Asesor | C5: Conversaciones | D5: Citas agendadas | E5: Citas realizadas | F5: Seguimientos | G5: Observaciones | H5: Semáforo
B6: Margarita Escalante | H6: =IF($C6="","",IF($C6>=Inputs!$B$5,"Verde",IF($C6>=Inputs!$B$5*Inputs!$B$8,"Amarillo","Rojo")))
B7: Alex Rojas | H7: =IF($C7="","",IF($C7>=Inputs!$B$5,"Verde",IF($C7>=Inputs!$B$5*Inputs!$B$8,"Amarillo","Rojo")))
B8: Lauren Arias | H8: =IF($C8="","",IF($C8>=Inputs!$B$5,"Verde",IF($C8>=Inputs!$B$5*Inputs!$B$8,"Amarillo","Rojo")))
B9: Alain Hernandez | H9: =IF($C9="","",IF($C9>=Inputs!$B$5,"Verde",IF($C9>=Inputs!$B$5*Inputs!$B$8,"Amarillo","Rojo")))
B10: Eva Loría | H10: =IF($C10="","",IF($C10>=Inputs!$B$5,"Verde",IF($C10>=Inputs!$B$5*Inputs!$B$8,"Amarillo","Rojo")))
B11: Tatiana Arroyo | H11: =IF($C11="","",IF($C11>=Inputs!$B$5,"Verde",IF($C11>=Inputs!$B$5*Inputs!$B$8,"Amarillo","Rojo")))
B12: Natalia Peña | H12: =IF($C12="","",IF($C12>=Inputs!$B$5,"Verde",IF($C12>=Inputs!$B$5*Inputs!$B$8,"Amarillo","Rojo")))
B13: Yesetnia Luna | H13: =IF($C13="","",IF($C13>=Inputs!$B$5,"Verde",IF($C13>=Inputs!$B$5*Inputs!$B$8,"Amarillo","Rojo")))
B14: Zaida Vargas | H14: =IF($C14="","",IF($C14>=Inputs!$B$5,"Verde",IF($C14>=Inputs!$B$5*Inputs!$B$8,"Amarillo","Rojo")))
B15: Hilda Betancort | H15: =IF($C15="","",IF($C15>=Inputs!$B$5,"Verde",IF($C15>=Inputs!$B$5*Inputs!$B$8,"Amarillo","Rojo")))
B16: Lorena Vargas | H16: =IF($C16="","",IF($C16>=Inputs!$B$5,"Verde",IF($C16>=Inputs!$B$5*Inputs!$B$8,"Amarillo","Rojo")))
B17: Diego Valerio | H17: =IF($C17="","",IF($C17>=Inputs!$B$5,"Verde",IF($C17>=Inputs!$B$5*Inputs!$B$8,"Amarillo","Rojo")))
H18: =IF($C18="","",IF($C18>=Inputs!$B$5,"Verde",IF($C18>=Inputs!$B$5*Inputs!$B$8,"Amarillo","Rojo")))
H19: =IF($C19="","",IF($C19>=Inputs!$B$5,"Verde",IF($C19>=Inputs!$B$5*Inputs!$B$8,"Amarillo","Rojo")))
H20: =IF($C20="","",IF($C20>=Inputs!$B$5,"Verde",IF($C20>=Inputs!$B$5*Inputs!$B$8,"Amarillo","Rojo")))
H21: =IF($C21="","",IF($C21>=Inputs!$B$5,"Verde",IF($C21>=Inputs!$B$5*Inputs!$B$8,"Amarillo","Rojo")))
H22: =IF($C22="","",IF($C22>=Inputs!$B$5,"Verde",IF($C22>=Inputs!$B$5*Inputs!$B$8,"Amarillo","Rojo")))
H23: =IF($C23="","",IF($C23>=Inputs!$B$5,"Verde",IF($C23>=Inputs!$B$5*Inputs!$B$8,"Amarillo","Rojo")))
H24: =IF($C24="","",IF($C24>=Inputs!$B$5,"Verde",IF($C24>=Inputs!$B$5*Inputs!$B$8,"Amarillo","Rojo")))
H25: =IF($C25="","",IF($C25>=Inputs!$B$5,"Verde",IF($C25>=Inputs!$B$5*Inputs!$B$8,"Amarillo","Rojo")))
H26: =IF($C26="","",IF($C26>=Inputs!$B$5,"Verde",IF($C26>=Inputs!$B$5*Inputs!$B$8,"Amarillo","Rojo")))
H27: =IF($C27="","",IF($C27>=Inputs!$B$5,"Verde",IF($C27>=Inputs!$B$5*Inputs!$B$8,"Amarillo","Rojo")))
H28: =IF($C28="","",IF($C28>=Inputs!$B$5,"Verde",IF($C28>=Inputs!$B$5*Inputs!$B$8,"Amarillo","Rojo")))
H29: =IF($C29="","",IF($C29>=Inputs!$B$5,"Verde",IF($C29>=Inputs!$B$5*Inputs!$B$8,"Amarillo","Rojo")))
... H205: =IF($C205="","",IF($C205>=Inputs!$B$5,"Verde",IF($C205>=Inputs!$B$5*Inputs!$B$8,"Amarillo","Rojo")))
